Sitio,Región,Referencia,Latitud,Longitud,Cacicazgos,Formativo,Colonial,Paleoindio,Republicano,Total
"El Abra","Altiplano Cundiboyacense","Correal; Van Der Hammen & Hurt 1977; Hurt 1967-69, Hurt et al. 1976.",5.017358,-73.9512035.017358,2,0,1,8,0,11
"Abeja","Tierras bajas orientales","Herrera et al. 1987; 1989; 1992; 1992; Mora et al 1991;1988; 1990. Llanos 1995; 1997; Mora 2001",-0.34517,-72.23581,6,2,0,0,0,8
"Acacías A-2","Tierras bajas orientales","Mora, & Cavelier, 1983; 1987",3.5757.7,-73.41229,0,0,0,0,0,0
"Aguabonita","Alto Magdalena","Chaves, & Puerta, 1978",,,1,0,0,0,0,1
"Agualinda","Valles alto Calima y alto y medio del Cauca","Bray, et al. 1983",3.830738888,-76.5157305,1,0,0,0,0,1
"Aguazuque I","Altiplano Cundiboyacense","Correal, 1990",4.612809874,-74.28007692,0,3,0,0,0,3
"Almacafé","Valles alto Calima y alto y medio del Cauca","Cardale; Bray &  Herrera 1989; Rodríguez 1988-1990",3.910,-76.320,1,0,0,0,0,1
"Alto de Las Piedras","Alto Magdalena","Duque, & Cubillos, 1993",1.975570129,-76.17684079,2,1,0,0,0,3
"Alto de los Idolos","Alto Magdalena","Reichel-Dolmatoff, 1972; Duque, & Cubillos, 1979",1.917688391,-76.24445204,5,0,0,0,0,5
"Alto de Mira","Sierra Nevada","Ardila, 1984-85; 1986",11.0114416,-73.878972,2,0,0,0,0,2
"Alto del Lavapatas","Alto Magdalena","Duque & Cubillos, 1988",1.880913659,-76.30548952,2,3,0,0,0,5
"Angosturas","Tierras bajas orientales","López, 1993",2.18,-73.7,1,0,0,0,0,1
"Araracuara 15","Tierras bajas orientales","Herrera, et al. 1980-1981; Cavelier, et al 1990",-0.619749126,-72.3922765,6,0,0,0,0,6
"Araracuara 21","Tierras bajas orientales","Herrera, et al. 1980-1981; Cavelier, et al 1990",-0.607633894,-72.39236336,1,0,0,0,0,1
"Araracuara 22","Tierras bajas orientales","Herrera, et al. 1980-1981; Cavelier, et al 1990",-0.609803452,-72.39371102,1,0,0,0,0,1
"Araracuara 25","Tierras bajas orientales","Andrade, 1986; Cavelier, et al 1990",-0.5989527,-72.3995472,0,1,0,0,0,1
"Araracuara 26","Tierras bajas orientales","Andrade, 1986; Cavelier, et al 1990",-0.5917194,-72.4031361,1,0,0,0,0,1
"Araracuara 7","Tierras bajas orientales","Herrera, et al. 1980-1981",-0.613419064,-72.39721446,0,0,1,0,0,1
"Arboledas","Valles alto Calima y alto y medio del Cauca","Gähwiler, 1988",3.673610658,-76.57370732,1,0,0,0,0,1
"Armenia","Valles alto Calima y alto y medio del Cauca","Correal, 1980",6.120,-75.800,1,0,0,0,0,1
"Armenia-Mantequilla","Valles alto Calima y alto y medio del Cauca","Bernal, 1997",4.540,-75.710,1,0,0,0,0,1
"","","",,,10,0,0,1,1,12
"Barca de Yotoco","Valles alto Calima y alto y medio del Cauca","Bray, & Moseley 1970; Sampson, et al. 1976",,,5,0,1,0,0,6
"Barlovento","Llanuras del Caribe cuencas bajas Sinú y San Jorge","Reichel-Dolmatoff, 1965; Angulo, 1995",,,0,4,0,0,0,4
"Barrancabermeja","Magdalena medio","López, en prensa",,,0,0,0,1,0,1
"Barranquilla","Alto Magdalena","Drennan, 1993",2.1902142,-76.08637,3,0,0,1,0,4
"Belén Altavista La Perla","Macizo Antioqueño","Castillo, 1995",,,0,0,1,0,0,1
"Betania","Alto Magdalena","Llanos, 1993",1.921855367,-76.25963783,1,0,0,0,0,1
"Bocana I","Costa Pacífica","Salgado, & Stemper, 1991; Salgado, et al. 1995",3.45,-76.59,6,1,0,0,0,7
"Bocana III","Costa Pacífica","Salgado, et al. 1995",3.8024,-77.17625,0,1,0,0,0,1
"Bogotá (?)","Altiplano Cundiboyacense","",,,0,0,0,0,0,0
"Bojacá","Altiplano Cundiboyacense","Reichel-Dolmatoff, 1986",,,1,0,0,0,0,1
"Bomboná","Macizo Andino del sur","Cárdenas, 1996",,,1,0,0,0,0,1
"Bucarelia","Llanuras del Caribe cuencas bajas Sinú y San Jorge","Reichel-Dolmatoff, en Stuiver 1969",9.41,-74.48,1,0,0,0,0,1
"Buena Vista","Costa Pacífica","Patiño, 1989",2.070,-78.700,3,0,0,0,0,3
"Buenavista (Huila).","Alto Magdalena","Moreno 1995",,,1,0,0,0,0,1
"Buenos Aires","Alto Magdalena","Drennan, 1993",2.19445,-76.0724,3,1,0,0,0,4
"Bura","Altiplano Cundiboyacense","Pérez, 1988; Peña 1991",6.068416,-72.7356305,1,0,0,0,0,1
"Buritaca 200","Sierra Nevada","Herrera, Luisa Fernanda 1980; Cadavid, 1986;1982",11.04401436,-73.9280923,4,0,1,0,0,5
"Buritaca 204","Sierra Nevada","Cardoso, Patricia 1986",11.19,-74.04,2,0,0,0,0,2
"Busbazá LP-I , Vereda La Puerta","Altiplano Cundiboyacense","Archila, 1986",5.818780289,-72.90217104,1,0,0,0,0,1
"","","",,,10,0,0,1,1,12
"","","",,,10,0,0,1,1,12
"","","",,,10,0,0,1,1,12
"","","",,,10,0,0,1,1,12
"","","",,,10,0,0,1,1,12
"","","",,,10,0,0,1,1,12
"","","",,,10,0,0,1,1,12
"","","",,,10,0,0,1,1,12
"","","",,,10,0,0,1,1,12
"Caballo","Llanuras del Caribe cuencas bajas Sinú y San Jorge","Angulo, 1988.También en Peña 2001",10.57053578,-75.088661,4,0,0,0,0,4
"Cabo de la Vela","Valles alto Calima y alto y medio del Cauca","Rodríguez &. Bashilov 1988; Herrera, Cardale &  Bray 1990; Cardale, Bray & Herrera, 1989; Salgado1988; 1989;1993; Salgado, Rodríguez & Bashilov 1993.",3.900312346,-76.43825938,6,0,0,0,0,6
"Cálamo","Alto Magdalena","Llanos, 1990",1.863418845,-76.04812704,2,0,0,0,0,2
"Campo Alegre Tasajeras","Llanuras del Caribe cuencas bajas Sinú y San Jorge","Angulo, 1978; Archila 1993",10.96,-74.3825,1,0,0,0,0,1
"Canapote","Llanuras del Caribe cuencas bajas Sinú y San Jorge","Bischof, 1966;1972; Angulo, 1995",10.27,-75.30,0,2,0,0,0,2
"Cancha Fútbol","Magdalena medio","Cavelier, et al.1995",,,1,0,0,0,0,1
"Candelaria La Nueva","Altiplano Cundiboyacense","Cifuentes & Moreno 1987; Goggel 1989; Therrien & Enciso, 1991;  Cárdenas 1993",,,2,0,0,0,0,2
"Cangarú","Llanuras del Caribe cuencas bajas Sinú y San Jorge","Murdy, 1986; Reichel-Dolmatoff, 1985; Archila, 1991; 1993",10.99,-74.30,1,0,0,0,0,1
"Caño Bombay","Tierras bajas orientales","Giraldo, 1988",6.0531416,-69.68457,1,0,0,0,0,1
"Japón 1","Llanuras del Caribe cuencas bajas Sinú y San Jorge","Plazas, et al. 1993",8.680830811,-74.96024584,4,0,0,0,0,4
"Cantarrana","Valles alto Calima y alto y medio del Cauca","Jaramillo, 1989",4.91322882,-75.62070950,1,0,0,0,0,1
"Carate 15","Llanuras del Caribe cuencas bajas Sinú y San Jorge","Plazas, et al. 1993",8.634612198,-75.1139284,1,0,0,0,0,1
"Carate 19","Llanuras del Caribe cuencas bajas Sinú y San Jorge","Plazas,  Falchetti, Sáenz  & Archila 1993; Plazas,  Falchetti, van der Hammen & Botero 1988",8.62329151,-75.121527,3,0,0,0,0,3
"Carate 25","Llanuras del Caribe cuencas bajas Sinú y San Jorge","Plazas,  Falchetti, Sáenz  & Archila 1993; Plazas,  Falchetti, van der Hammen & Botero 1988",8.574886523,-75.13638132,3,1,0,0,0,4
"Carate 26","Llanuras del Caribe cuencas bajas Sinú y San Jorge","Plazas,  Falchetti, Sáenz  & Archila 1993; Plazas,  Falchetti, van der Hammen & Botero 1988",8.626894197,-75.12644269,4,0,0,0,0,4
"Carrizal","Montaña Santandereana","Uribe, 1990",,,2,0,0,0,0,2
"Catanguero","Costa Pacífica","Reichel-Dolmatoff, 1965",,,1,0,0,0,0,1
"Cecilio","Llanuras del Caribe cuencas bajas Sinú y San Jorge","Angulo, 1978",10.7924527,-74.4969416,1,0,0,0,0,1
"Ceilán","Valles alto Calima y alto y medio del Cauca","Bray, et al. 1987;1988; Cardale,  Bray &  Herrera 1989",3.888048484,-76.484543,2,0,0,0,0,2
"Checua","Altiplano Cundiboyacense","Groot, 1992",5.124049095,-73.88088453,1,0,0,1,0,2
"Chía I","Altiplano Cundiboyacense","Ardila, 1984",4.890,-74.02500,0,1,0,0,0,1
"Chía II","Altiplano Cundiboyacense","Ardila, 1984",4.88950,-74.02150,1,0,0,0,0,1
"Chía III","Altiplano Cundiboyacense","Ardila, 1984",4.88312,-74.02469,0,1,0,0,0,1
"Chinchiná","Valles alto Calima y alto y medio del Cauca","Santos, 1994",,,2,0,0,0,0,2
"Chinchiná (?)","Valles alto Calima y alto y medio del Cauca","Santos, 1994 ?",,,1,0,0,0,0,1
"Chisacá","Altiplano Cundiboyacense","Falchetti, 1979",,,1,0,0,0,0,1
"Chiscas","Altiplano Cundiboyacense","Cárdenas, 1989, 1990; 1996; 1997; Correal 1996",6.520,-72.510,1,0,1,0,0,2
"Churuvita II","Altiplano Cundiboyacense","Boada, et al. 1989",,,1,0,0,0,0,1
"CIAT 1","Valles alto Calima y alto y medio del Cauca","Rodríguez & Stemper, 1993",,,1,0,0,0,0,1
"CIAT 2","Valles alto Calima y alto y medio del Cauca","Rodríguez & Stemper, 1993",,,1,0,0,0,0,1
"Cinto","Llanuras del Caribe cuencas bajas Sinú y San Jorge","Oyuela, 1985; 1986",11.32972136,-74.05984835,2,0,0,0,0,2
"Ciudad Antigua","Sierra Nevada","Campo, 1995",,,1,0,0,0,0,1
"Cogollo","Llanuras del Caribe cuencas bajas Sinú y San Jorge","Plazas, et al. 1993",8.752904745,-74.98949236,1,0,0,0,0,1
"Colorados","Magdalena medio","Castaño, &  Davila,1984",5.488994,-74.612327,1,0,0,0,0,1
"Córdoba","Valles alto Calima y alto y medio del Cauca","Bruhns, 1976",,,2,0,0,0,0,2
"Corte Montículo","Macizo Antioqueño","Girón, 1985",,,1,0,0,0,0,1
"Cortijo de los Calimas","Valles alto Calima y alto y medio del Cauca","Bray, et al., 1981",,,0,0,1,0,0,1
"Cota","Altiplano Cundiboyacense","McBride,  1991",,,0,0,0,0,0,0
"Cueva del Caucho","Montaña Santandereana","Uribe, 1990",,,1,0,0,0,0,1
"Cueva El Conde","Montaña Santandereana","Uribe, 1990",,,2,0,0,0,0,2
"Cueva La Antigua","Montaña Santandereana","Peña, 1991, cita a Bray s.p.",,,4,0,0,0,0,4
"Cupica IV","Costa Pacífica","Reichel-Dolamtoff, 1962",6.422,-77.3010,1,0,0,0,0,1
"El Abra 2","Altiplano Cundiboyacense","Correal, et al. 1977; Hurt 1967-69, Hurt et al. 1976.",5.02000,-73.96000,0,0,0,2,0,2
"El Aguacate","Alto Magdalena","Chaves, & Puerta, 1986; Chaves 1991",,,1,0,0,0,0,1
"El Balsal","Costa Pacífica","Bouchard, 1983",,,1,0,0,0,0,1
"El Bosque","Magdalena medio","Cavelier, et al.1995",5.556540628,-74.87012155,2,0,0,0,0,2
"El Cabrero","Uraba, alto Sinú","Botiva, et al. 1991",8.15406710,-76.09789402,3,0,0,0,0,3
"El Cangrejo","Altiplano Cundiboyacense","Therrien, 1991",5.550,-73.680,0,0,1,0,0,1
"El Carmen","Valles alto Calima y alto y medio del Cauca","Rodríguez, et al. 1994",,,4,0,0,0,0,4
"El Consuelo","Magdalena medio","Botiva, et al. 1994",,,0,1,0,0,0,1
"El Dorado","Valles alto Calima y alto y medio del Cauca","Bray, et al. 1985; 1986; Piperno 1985; Wassen 1976; Bray, Herrera & Cardale 1988; Herrera, Cardale & Bray 1990. Cardale, Bray & Herrera 1989.",3.841184836,-76.45324783,8,0,0,3,0,11
"El Estorbo I","Uraba, alto Sinú","Méndez, 1980; Otero et al, 1990. Botiva et al., 1991; Neyla 1988 Botiva & Santos 197.; Santos 1986; 1989; Archila 1993;",8.147329205,-76.72740456,6,0,0,0,0,6
"El Estrecho","Alto Magdalena","Cubillos, 1980; Duque & Cubillos, 1988:105",1.93885,-76.31576,1,0,0,0,0,1
"El Gallo I","Uraba, alto Sinú","Botiva, et al. 1991",8.180,-76.070,1,0,0,0,0,1
"El Infiernito","Altiplano Cundiboyacense","Silva, 1981; Boada; Mora  & Therrien 1988; Boada; Therrien &  Mora 1989",5.647698531,-73.56299326,2,2,0,0,0,4
"El Japón","Llanuras del Caribe cuencas bajas Sinú y San Jorge","",,,0,0,0,0,0,0
"El Japon-Marusa","Llanuras del Caribe cuencas bajas Sinú y San Jorge","",,,0,0,0,0,0,0
"El Man","Magdalena medio","Botiva, et al. 1994",7.967580021,-75.19924161,1,0,0,0,0,1
"El Mondey","Alto Magdalena","Moreno, 1988; 1991,  Ver reseña de Boada 1990 a Moreno 1991.",2.026763173,-76.12172127,3,0,0,0,0,3
"El Morro","Costa Pacífica","Bouchard, 1983",,,1,0,0,0,0,1
"El Palmar","Peninsula de la Guajira y corredor del Cesar","Ardila, 1983",10.920,-72.820,6,0,1,0,1,8
"El Parador","Alto Magdalena","Cubillos,1980",1.92049312,-76.24759607,2,0,0,0,0,2
"El Pital","Valles alto Calima y alto y medio del Cauca","Salgado, 1986;1989;1995; Salgado; Osorio & Gutierrez 1986; Cardale, 1986; Cardale; Bray & Herrera 1989; Herrera;  Bray; Cardale & Botero 1992; Gnecco & Salgado 1989.",3.83,-76.60,1,2,0,1,0,4
"El Pozón","Llanuras del Caribe cuencas bajas Sinú y San Jorge","Plazas, & Falchetti 1986",,,0,1,0,0,0,1
"El Prodigio","Magdalena medio","Rodríguez, 1989; 1991,1995.",3.655051578,-75.6406405,0,1,0,1,0,2
"El Ranchito","Macizo Antioqueño","Piazzini 1993; Castillo, 1992",,,1,0,0,0,0,1
"El Recreo","Valles alto Calima y alto y medio del Cauca","Herrera, et al. 1992; Herrera; Cardale & Bray 1990; Gnecco & Salgado 1989;",3.85955,-76.49560,0,0,0,3,0,3
"El Rosario","Valles alto Calima y alto y medio del Cauca","Forero, 1993",3.4914,-76.0034,1,0,0,0,0,1
"El Tamarindo","Costa Pacífica","Patiño, 1987;1988.",2.774795419,-77.6662786,1,0,0,0,0,1
"El Tambo","Macizo Andino del sur","Uribe, 1978; 1992:9",,,1,0,0,0,0,1
"El Tiestero","Macizo Antioqueño","Santos, 1994; Botero & Vélez, 1995",6.270,-75.660,2,0,0,0,0,2
"El Topacio","Valles alto Calima y alto y medio del Cauca","Cardale, 1987; Cardale et al., 1989; Bray et al., 1987;1988. Herrera et al., 1990.",3.931296892,-76.45615231,5,1,0,0,0,6
"El Venado III","Altiplano Cundiboyacense","Boada; Therrien & S. Mora 1989",5.503394,-73.518838,2,0,0,0,0,2
"El Volador","Macizo Antioqueño","Bermudez, 1995; Santos, 1995:Piazzini 1993; Castillo, 1992",6.270,-75.580,8,0,1,0,0,9
"Frasquillo","Uraba, alto Sinú","Botiva, et al. 1991",8.180,-76.070,2,0,0,0,0,2
"Fúquene","Altiplano Cundiboyacense","Uribe, 1990",,,1,0,0,0,0,1
"Gachalá","Altiplano Cundiboyacense","Correal, 1979",,,0,0,0,1,0,1
"Galíndez","Alto Magdalena","Patiño, & Gnecco, 1992",,,0,0,0,0,1,1
"Girardot","Magdalena medio","Correal, 1993",,,0,0,0,1,0,1
"Guabas","Valles alto Calima y alto y medio del Cauca","Rodríguez en Herrera, 1984;  Bray 1989; Rodríguez 1985",3.764201354,-76.30370005,2,0,0,0,0,2
"Guacanas","Alto Magdalena","Llanos, 1993",2.15,-75.40,2,0,0,0,0,2
"Guácharos I","Alto Magdalena","Correal, & van der Hammen, 1984",1.5245,-76.090,2,0,0,0,0,2
"Guaduero","Magdalena medio","Hernandez, & Caceres, 1989",5.19000,-74.60000,2,0,0,0,0,2
"Guaiqurí","Llanuras del Caribe cuencas bajas Sinú y San Jorge","Plazas, et al. 1981, cita a Reines s.p.",,,1,0,0,0,1,2
"Guájaro","Llanuras del Caribe cuencas bajas Sinú y San Jorge","Angulo, 1986; Peña 2001 - zooarqueología.",,,1,0,0,0,0,1
"Guájaro-Rotinet","Llanuras del Caribe cuencas bajas Sinú y San Jorge","",,,0,0,0,0,0,0
"Guapotá","Montaña Santandereana","Sutherland, 1971",,,1,0,0,0,0,1
"Guasca","Altiplano Cundiboyacense","Uribe, 1990",,,2,0,0,0,0,2
"Guatavita","Altiplano Cundiboyacense","Falchetti, 1979; Reichel-Dolmatoff 1986; Uribe, 1990",,,2,0,0,0,0,2
"Guayabal","Alto Magdalena","Patiño, & Gnecco, 1992",,,2,0,0,0,0,2
"Guayabito-Yacimiento 11","Tierras bajas orientales","Múnera; Monsalve & Botero 1997",6.05521142,-76.76982646,0,1,0,0,0,1
"Guayabero I","Tierras bajas orientales","Correal, et al. 1990; Botiva 1986",2.56983467,-71.08801912,1,2,0,2,0,5
"Imbilí","Costa Pacífica","Reichel-Dolmatoff, 1965",,,1,0,0,0,0,1
"Inguapí","Costa Pacífica","Bouchard, 1983",,,7,0,0,0,2,9
"Irique","Tierras bajas orientales","Mora, & Cavelier, 1985",3.428911,-73.631451,0,0,1,0,0,1
"Jolón","Llanuras del Caribe cuencas bajas Sinú y San Jorge","",,,0,0,0,0,0,0
"Jongovito","Macizo Andino del sur","Groot, 1991",1.179571005,-77.3079592,1,0,0,0,0,1
"La  Guayabala","Macizo Antioqueño","",,,0,0,0,0,0,0
"La Aguada","Valles alto Calima y alto y medio del Cauca","Otero, 1992; Bermudez, 1995:59",5.920,-75.690,1,0,0,0,0,1
"La Alsacia","Valles alto Calima y alto y medio del Cauca","Bray, et al. 1981; Rodríguez, et al. 1994.",,,3,0,0,0,0,3
"La Amapola","Valles alto Calima y alto y medio del Cauca","Gähwiler, 1988; 1989",3.65847032,-76.58523671,4,0,0,0,0,4
"La Asomada","Altiplano Cundiboyacense","Boada, et al. 1989",,,1,0,0,0,0,1
"La Aurora","Valles alto Calima y alto y medio del Cauca","Bray, et al. 1981",3.83,-76.55,1,0,0,0,0,1
"La Balsa","Valles alto Calima y alto y medio del Cauca","Méndez, 1980; Gnecco & Salgado 1989",2.573652275,-76.65021312,0,2,0,0,0,2
"La Balsa (?)","Valles alto Calima y alto y medio del Cauca","",,,0,0,0,0,0,0
"La Bolivia","Valles alto Calima y alto y medio del Cauca","Gähwiler-Walder 1988; 1989",3.650372722,-76.57768065,1,0,0,0,0,1
"La Cocotera","Costa Pacífica","Patiño, 1988; 1988; 1987; 1987; 1995",2.849393469,-77.67773736,1,2,0,0,0,3
"La Elvira","Valles alto Calima y alto y medio del Cauca","Gnecco & Illera 1989; Gnecco & Salgado 1989; Gnecco & Mohammed 1994; Gnecco 1997; Gnecco 7 Mora 1997; Mora & Gnecco 2003",2.5062472,-76.5583472,4,3,0,1,0,8
"La Escocia","Valles alto Calima y alto y medio del Cauca","Gähwiler-Walder 1988",3.660,-76.580,0,1,0,0,0,1
"La Esperanza","Macizo Andino del sur","Groot 1991",1.02,-77.51,1,0,0,0,0,1
"La Estación","Alto Magdalena","Duque, & Cubillos, 1981",1.81063,-76.28998,1,0,0,0,0,1
"La Estrella","Sierra Nevada","Herrera 1985; Reichel-Dolmatoff 1986",11.0875027,-73.9363083,2,0,0,0,0,2
"La Ferrería","Macizo Antioqueño","",,,0,0,0,0,0,0
"La Gaitana","Alto Magdalena","Llanos, & Durán, 1983",,,1,0,0,0,0,1
"La Hormiga","Llanuras del Caribe cuencas bajas Sinú y San Jorge","Plazas; Falchetti; Sáenz & Archila 1993",8.708061,-74.9117916,2,0,0,0,0,2
"La Iberia","Valles alto Calima y alto y medio del Cauca","Bray, et al. 1981",,,2,1,0,0,0,3
"La Isla","Llanuras del Caribe cuencas bajas Sinú y San Jorge","Angulo, 1983; Archila 1991; Santos & Ortiz-Troncoso 1986.",10.79414975,-75.22296323,1,0,0,0,0,1
"La Julia","Alto Magdalena","Drennan, 1993",,,0,0,0,0,1,1
"La Llanada","Valles alto Calima y alto y medio del Cauca","Salgado, 1986",4.355374176,-76.29088383,3,0,0,0,0,3
"La Loma","Altiplano Cundiboyacense","Garcia, & Gutierrez, 1985",,,0,0,1,0,0,1
"La Magnolia","Costa Pacífica","Patiño, 1993",1.661617094,-78.74732656,2,0,0,0,0,2
"La Maporita","Tierras bajas orientales","López, et al. 1993; Peña, 1992.",5.17409250,-72.55414952,1,1,0,0,0,2
"La Marcela","Alto Magdalena","Patiño, & Gnecco, 1992",,,1,0,0,0,0,1
"La Mireya","Llanuras del Caribe cuencas bajas Sinú y San Jorge","Reichel-Dolmatoff, 1986; Plazas, Falchetti; Sáenz & Archila 1993; Plazas & Falchetti 1981",8.04251,-75.48144,1,0,0,0,0,1
"La Muela","Altiplano Cundiboyacense","Pradilla, et al. 1991; Pradilla, Villate & Ortiz 1990;1992.",5.55000,-73.36000,3,0,1,0,0,4
"La Pedregosa 1","Magdalena medio","López, 1991",6.051591,-74.11050,1,0,0,0,0,1
"La Pedrera","Tierras bajas orientales","Hildebrand, &  Reichel, 1985",-1.317514,-69.587694,3,0,0,0,0,3
"La Primavera","Valles alto Calima y alto y medio del Cauca","Bray, & Moseley 1970",,,1,0,0,0,0,1
"La Ribera","Magdalena medio","Chacín, 1993",,,1,0,0,0,0,1
"La Selva (Risaralda).","Valles alto Calima y alto y medio del Cauca","Patiño, 1996; 1996.",5.01510560,-75.74560566,4,1,0,2,0,7
"La Sofía","Valles alto Calima y alto y medio del Cauca","Gähwiler 1983; 1989",4.500,-76.280,1,0,0,0,0,1
"La Soledad","Valles alto Calima y alto y medio del Cauca","Salgado, 1986 cita a Plazas & Falchetti.",,,1,0,0,0,0,1
"La Suiza","Valles alto Calima y alto y medio del Cauca","Herrera, et al. 1982-83; Bray, et al. 1981; Scott 1981",3.849881459,-76.47484737,2,1,0,0,0,3
"La Tebaida","Valles alto Calima y alto y medio del Cauca","Bruhns, 1976",,,2,0,0,0,0,2
"La Victoria","Macizo Andino del sur","Uribe, 1978; 1992:9;",,,1,0,0,0,0,1
"La Virginia","Valles alto Calima y alto y medio del Cauca","Bray 1981; Bray, et al. 1981; Gahwiler 1989.",3.570,-76.510,1,0,0,0,0,1
"Laguna baja","Valles alto Calima y alto y medio del Cauca","Jaramillo, 1989",4.90520225,-75.35516720,0,0,0,0,1,1
"Landázuri, Loma del Colegio","Magdalena medio","Lleras, 1988",6.2211642,-73.81427542,1,0,0,0,0,1
"Las Animas","Sierra Nevada","Herrera, 1985",11.13622145,-73.92255203,1,1,0,0,0,2
"Las Cruces","Macizo Andino del sur","Plazas1977-78 y Uribe 1976, 1977-78. Ver crítica en Salgado et al. 1995 y sobre la secuencia Capulí-Piartal-Tuza ver Cárdenas 1989, 1992; Doyon(1993. Uribe 1992. Cárdenas,1996.",0.853887611,-77.58939248,2,0,0,0,0,2
"Las Delicias-Bogotá","Altiplano Cundiboyacense","Enciso, 1989; 1991;1993; Cárdenas 1996; Delgado 1996",4.610,-74.220,2,0,0,0,0,2
"Las Delicias-Timbiquí","Costa Pacífica","Patiño, 1987;1988",2.82459354,-77.71972256,1,0,0,0,0,1
"Las Mercedes","Llanuras del Caribe cuencas bajas Sinú y San Jorge","Reichel-Dolmatoff, 1965: 122-30 en Stuiver 1969",,,1,0,0,0,0,1
"Las Palmas 1","Llanuras del Caribe cuencas bajas Sinú y San Jorge","Plazas, et al. 1993; Plazas, et al. 1979; Plazas et al., 1981:14,98",8.747911303,-74.99829436,2,0,1,0,0,3
"Limoncito","Llanuras del Caribe cuencas bajas Sinú y San Jorge","Plazas, et al. 1993; Plazas; Falchetti; Sáenz & Archila 1993",8.6056138,-74.960072,1,0,0,0,0,1
"Llanadas","Alto Magdalena","Ordoñez, 1995",,,2,0,0,0,0,2
"LLano Los Gallos","Montaña Santandereana","Uribe, 1990",,,1,0,0,0,0,1
"Loma de López","Llanuras del Caribe cuencas bajas Sinú y San Jorge","Angulo, 1978; Archila 1993.",10.78047203,-74.26606433,2,0,0,0,0,2
"Loreto Yacu","Tierras bajas orientales","Bolian, 1972",,,0,0,0,0,0,0
"Los Jagueyes","Llanuras del Caribe cuencas bajas Sinú y San Jorge","Angulo, 1978",,,1,0,0,0,0,1
"Los Santos","Montaña Santandereana","Sutherland, 1971",,,1,0,0,0,0,1
"Los Santos-Los Teres","Montaña Santandereana","Cadavid, 1984",6.730,-73.130,1,0,0,0,0,1
"Los Solares","Altiplano Cundiboyacense","Uribe, 1990",,,4,0,0,0,0,4
"Lusitania","Valles alto Calima y alto y medio del Cauca","Monsalve 1985; Herrera et al. 1987;1992:",3.86832,-76.4665527,1,1,0,0,0,2
"Lusitania","Valles alto Calima y alto y medio del Cauca","Monsalve, 1985; Uribe, 1990",,,1,1,0,0,0,2
"Maceo Torre","Macizo Antioqueño","Mejía, et al. 1992 en Piazzini 1994",,,1,0,0,0,0,1
"Maina","Costa Pacífica","Patiño, 1989; 1991",1.9931,-78.631583,1,0,0,0,0,1
"Malagana","Valles alto Calima y alto y medio del Cauca","Botiva, & Forero, 1991;  Herrera, Cardale & Bray, 1994; Herrera, Cardale & Rodríguez, 1994; Cardale & Herrera 1994; Archila 1996; Bray;  Herrera & Cardalel 1998;",3.487001262,-76.35342885,1,0,0,0,0,1
"Malambo","Llanuras del Caribe cuencas bajas Sinú y San Jorge","Angulo, 1962; 1981; 1995:28; Archila 1991",10.8597475,-74.77687409,3,1,0,0,0,4
"María Jacinta","Llanuras del Caribe cuencas bajas Sinú y San Jorge","Angulo, 1983; Archila 1991",10.64979975,-75.17253093,2,0,0,0,0,2
"Maridíaz","Macizo Andino del sur","Cárdenas, 1992",,,0,0,2,0,0,2
"Marín","Altiplano Cundiboyacense","Boada, 1984; 1987;1988; 1998; Boada et al, 1989; Boada et al, 1989a.",,,2,0,0,0,0,2
"Marta","Uraba, alto Sinú","Santos,  & Ortíz, 1986; Van Zweden 1986; 1994; Archila 1993",9.467892409,-75.61135767,4,0,0,0,0,4
"Marusa","Llanuras del Caribe cuencas bajas Sinú y San Jorge","",,,0,0,0,0,0,0
"Mataje","Costa Pacífica","Reichel-Dolmatoff, 1986",,,3,0,0,0,0,3
"Mazo-Tiestero 1","Valles alto Calima y alto y medio del Cauca","Santos, 1994; Bermudez,1995",,,1,0,0,0,0,1
"Mesita","Alto Magdalena","Reichel-Dolmatoff, 1972",,,5,0,1,0,0,6
"Mesita A","Alto Magdalena","Duque, & Cubillos, 1983",,,1,0,0,0,0,1
"Mesita B","Alto Magdalena","Duque, 1964; Duque & Cubillos, 1988; Reichel-Dolmatoff, 1972; Duque & Cubillos, 1983.",1.886563628,-76.30171256,7,0,0,0,0,7
"Mesita C","Alto Magdalena","Cubillos 1978; 1980",1.883985742,-76.30009609,2,0,0,0,0,2
"Mina de Oro","Llanuras del Caribe cuencas bajas Sinú y San Jorge","Bischof, 1969",,,1,0,0,0,0,1
"Minguimalo","Costa Pacífica","Reichel-Dolmatoff  & Dussan, 1962",4.801850123,-76.87449133,4,0,0,0,0,4
"Miraflores 1","Macizo Andino del sur","Correal, 1977-78; Uribe 1977-1978; Plazas 1977-1978; Cardale 1977-1978; Perdomo, et al. 1974",0.890,-77.670,3,0,0,0,0,3
"Miraflores 2","Macizo Andino del sur","Correal, 1977-78; Uribe 1977-1978; Plazas 1977-1978; Cardale 1977-1978; Perdomo, et al. 1974.",0.89000,-77.61000,2,0,0,0,0,2
"Momil","Llanuras del Caribe cuencas bajas Sinú y San Jorge","Reichel-Dolmatoff, 1957; 1974; 1986; Archila 1993; Reichel-Dolmatoff, & Dussan 1956; 1974; Foster & Lathrap 1975",9.2274472,-75.672861,3,0,0,0,0,3
"Monsú","Llanuras del Caribe cuencas bajas Sinú y San Jorge","Reichel-Dolmatoff, 1985; 1986;  Angulo, 1995; Rodríguez 1988; Wippern 1987; Archila 1991 y Oyuela 1993.",10.17995481,-75.45837908,0,9,0,0,0,9
"Montañitas","Valles alto Calima y alto y medio del Cauca","Bray, et al. 1981; Bray 1981;  Gahwiler, 1988; 1989.",3.667627699,-76.54855362,1,0,0,0,0,1
"Montecito","Valles alto Calima y alto y medio del Cauca","Gahwiler, 1989",,,2,0,0,0,0,2
"Moralba","Valles alto Calima y alto y medio del Cauca","Bray, & Moseley 1970",,,6,2,0,0,0,8
"Morelia","Alto Magdalena","Llanos, 1987;1988;",2.058358,-76.0965,2,0,1,0,0,3
"Muelle Viejo","Costa Pacífica","Casas, 1991",,,0,1,0,0,0,1
"Nahuange I","Llanuras del Caribe cuencas bajas Sinú y San Jorge","Bray 1995",,,1,0,0,0,0,1
"Negritos 5","Llanuras del Caribe cuencas bajas Sinú y San Jorge","Plazas, et al. 1993; Plazas, Falchetti; Sáenz & Archila 1993;",8.61447,-75.03457,1,0,0,0,0,1
"Nemocón","Altiplano Cundiboyacense","Cardale, 1976; Cardale, 1981.",,,3,0,0,0,0,3
"Nemocón 4","Altiplano Cundiboyacense","Correal, 1979",5°4´,73°53,0,0,0,1,0,1
"Neusa","Altiplano Cundiboyacense","Rivera, 1992",5.177063172,-73.97900598,0,0,0,1,0,1
"Nuevo Colón","Altiplano Cundiboyacense","Lleras, 1986; 1989",5.330,-73.480,1,0,0,0,0,1
"Nuevo Río Claro","Valles alto Calima y alto y medio del Cauca","Herrera, & Moreno, 1988; 1990;",4.99645,-75.5546472,1,0,0,0,0,1
"Ocache","Valles alto Calima y alto y medio del Cauca","Gahwiler, 1983",3.704315836,-76.50744196,1,0,0,0,0,1
"Oiba San Lorenzo","Montaña Santandereana","Sutherland, 1971",,,1,0,0,0,0,1
"Ordoñez I","Costa Pacífica","Salgado, & Stemper, 1995; Romero 1994, 1996",4.077442304,-77.05534122,3,0,0,0,0,3
"PAB II","Altiplano Cundiboyacense","Herrera, et al. 1992",,,0,0,0,1,0,1
"Palestina 2","Costa Pacífica","Lopéz, 1989;",,,0,0,0,2,0,2
"Palestina","Magdalena medio","Salgado, & Stemper, 1991;  Romero 1995; 1996",4.166424869,-77.13963866,7,0,2,0,0,9
"Palestina I","Costa Pacífica","Salgado, & Stemper, 1991; Romero 1994, 1996",4.166424869,-77.13963866,0,0,0,0,0,0
"Palestina II","Costa Pacífica","",,,0,0,0,0,0,0
"Palmar","Llanuras del Caribe cuencas bajas Sinú y San Jorge","Angulo, 1983; Archila 1991.",10.600,-75.120,2,0,0,0,0,2
"Palmas","Llanuras del Caribe cuencas bajas Sinú y San Jorge","",,,0,0,0,0,0,0
"Palmaseca","Valles alto Calima y alto y medio del Cauca","Bray, & Moseley, 1970;Cubillos, 1984:289",,,1,0,0,0,0,1
"Palmira","Llanuras del Caribe cuencas bajas Sinú y San Jorge","Angulo, 1978",10.98,-74.31,1,0,0,0,0,1
"Palogordo","Montaña Santandereana","Lleras, 1986; Lleras, &  Vargas, 1990:129",6.73306,-73.213083,2,0,0,0,0,2
"Papayo","Llanuras del Caribe cuencas bajas Sinú y San Jorge","Plazas, et al. 1993",8.659669545,-75.03823308,1,0,0,0,0,1
"Parámo de Peña Negra","Altiplano Cundiboyacense","Herrera, et al. 1992",,,0,0,0,1,0,1
"Pavitas","Valles alto Calima y alto y medio del Cauca","Gahwiler, 1988",,,1,0,0,0,0,1
"Pazu 1","Uraba, alto Sinú","",,,0,0,0,0,0,0
"Peña Roja","Tierras bajas orientales","Cavelier, et al.1995; Gnecco & Mora 1997; Morcote 1994; Llanos, J. M. 1995; 1997; Piperno & Pearsal 1998; Mora 2001; Mora & Gnecco 2003",-0.659157,-72.083538,9,0,0,6,0,15
"Peñitas","Altiplano Cundiboyacense","Boada, et al. 1989",,,1,0,0,0,0,1
"Peñones de Bogotá","Magdalena medio","López, 1990, 1992; López, & Botero, 1993",6.399353378,-74.41046746,0,2,0,0,0,2
"Piedra Pintada","Altiplano Cundiboyacense","Becerra, 1985",,,1,0,0,0,0,1
"Pikotsutsikchk","Alto Magdalena","Urdaneta, 1991",,,1,0,0,0,0,1
"Pimienta 5","Llanuras del Caribe cuencas bajas Sinú y San Jorge","Plazas, et al. 1993; Plazas; Falchetti; van der Hammen &  Botero 1992",8.664170712,-75.04578466,1,1,0,0,0,2
"Pisba","Altiplano Cundiboyacense","Cárdenas, 1994",6.010,-72.660,1,0,0,0,0,1
"Porta Alegre","Altiplano Cundiboyacense","Therrien & Enciso, 1991",,,2,0,0,0,0,2
"Pto Caldas","Tierras bajas orientales","Morey, 1975",,,1,0,0,0,0,1
"Pubenza","Altiplano Cundiboyacense","Van der Hammen, 1986; Cardale, 1976",4.440,-74.660,3,0,0,1,0,4
"Pubenza","Magdalena medio","",,,3,0,0,1,0,4
"Puerto Arturo","Tierras bajas orientales","Herrera, et al. 1989;  Cavelier, et al. 1990; Mora 2001",-0.56097,-72.408516,2,0,0,0,0,2
"Puerto Berrio","Magdalena medio","López, en prensa",,,0,0,0,1,0,1
"Puerto Caldas","Tierras bajas orientales","Morey, 1975",,,1,0,0,0,0,1
"Puerto Chacho","Llanuras del Caribe cuencas bajas Sinú y San Jorge","Legros, 1990; 1992 :Rodríguez 1988; Archila 1991; Oyuela 1993; Arevalo & Maldonado 1990.",10.250,-75.320,0,5,0,0,0,5
"Puerto Hormiga","Llanuras del Caribe cuencas bajas Sinú y San Jorge","Reichel-Dolmatoff, 1965; 1972;  Angulo, 1995",10.8,-75.29,0,6,0,0,0,6
"Puerto Nuevo","Tierras bajas orientales","López, 1993",2.23,-73.7,0,1,0,0,0,1
"Purilia","Valles alto Calima y alto y medio del Cauca","Gähwiler-Walder, 1988",3.653274227,-76.59172002,1,0,0,0,0,1
"Purutal","Alto Magdalena","Cubillos,1986",1.908322356,-76.32655172,2,0,0,0,0,2
"Quebrada Mulas","Llanuras del Caribe cuencas bajas Sinú y San Jorge","Botiva, et al. 1991",,,1,0,0,0,0,1
"Quebraditas","Altiplano Cundiboyacense","Garcia, & Gutierrez, 1985",,,0,1,0,0,0,1
"Quinchana","Alto Magdalena","Llanos, & Durán, 1983",,,1,0,0,0,0,1
"Rancho Grande","Valles alto Calima y alto y medio del Cauca","Gahwiler, 1988",,,1,0,0,0,0,1
"Río Munquidó","Valles alto Calima y alto y medio del Cauca","Herrera, et al. 1982-83",,,1,0,0,0,0,1
"Rotinet","Llanuras del Caribe cuencas bajas Sinú y San Jorge","Angulo,1986; 1988; 1995; Rodríguez 1988; Archila 1991; Oyuela 1993.",10.52297,-75.06338,0,3,0,0,0,3
"Sachamate","Valles alto Calima y alto y medio del Cauca","Cubillos, 1984",,,2,0,0,0,0,2
"Sahagún-Colomboy","Magdalena medio","Botiva, et al. 1994",8.920,-75.430,1,0,0,0,0,1
"Salcedo I","Altiplano Cundiboyacense","Peña, 1991",4.538669793,-74.6129106,2,0,0,0,0,2
"Samaria","Valles alto Calima y alto y medio del Cauca","Salgado, 1993",,,8,1,0,0,0,9
"San Antonio","Valles alto Calima y alto y medio del Cauca","Blanco, 1993",,,1,0,0,0,1,2
"San Isidro","Valles alto Calima y alto y medio del Cauca","Gnecco & Bravo 1994; Gnecco & Mora 1997",,,0,0,0,3,0,3
"San Jacinto 2","Llanuras del Caribe cuencas bajas Sinú y San Jorge","Oyuela, 1993; 1987; Oyuela & Rodríguez 1995; Archila 1993; Legros; Rodríguez & Pauly 1988",9.830,-75.110,0,2,0,0,0,2
"San Jacinto I","Llanuras del Caribe cuencas bajas Sinú y San Jorge","Oyuela, 1993; 1987; Oyuela & Rodríguez 1995; Archila 1993; Legros; Rodríguez & Pauly 1988;  Bonzani, 1998:26",9.836563815,-75.07906321,0,3,0,0,0,3
"San José del Nus","Macizo Antioqueño","Mejía, et al. 1992; Piazzini 1994",,,1,0,0,0,0,1
"San Juan","Llanuras del Caribe cuencas bajas Sinú y San Jorge","Angulo, 1983",10.63979581,-75.1899476,1,0,0,0,0,1
"San Juan de Bedout","Magdalena medio","Lopéz, 1989, 1998",6.605764216,-74.44550506,0,1,0,1,0,2
"San Luis","Costa Pacífica","Rodríguez, 1988",3.930011,-76.776961,2,0,0,0,0,2
"San Pedro","Uraba, alto Sinú","Plazas, et al. 1993",8.5113333,-74.91393055,1,0,0,0,0,1
"Santa Helena","Macizo Antioqueño","Santos, 1994",,,1,0,0,0,0,1
"Santa Rosa VP1226","Alto Magdalena","Drennan, 1993",2.190,-76.080,1,0,0,0,0,1
"Santa Rosa - Herrera","Magdalena medio","Rodríguez, 1990",3.39072,-75.88225,1,0,0,0,0,1
"Santa Sofia","Tierras bajas orientales","Bolian, 1972",-3.92117,-70.16617,3,0,0,0,0,3
"Santiago","Alto Magdalena","Urdaneta, 1988",,,0,0,1,0,0,1
"Santo Domingo Buenavista","Altiplano Cundiboyacense","Falchett, 1979; Reichel-Dolmatoff 1986:178",,,1,0,0,0,0,1
"Sauzalito","Valles alto Calima y alto y medio del Cauca","Bray, et al. 1988",3.940,-76.520,0,0,0,3,0,3
"Segovia","Alto Magdalena","Uribe, 1990",,,1,1,0,0,0,2
"Simijaca","Altiplano Cundiboyacense","Uribe, 1990",,,1,0,0,0,0,1
"Siquianeca","Altiplano Cundiboyacense","Boada 1987; 1991;  Boada et al. 1988, 1989",5.58000,-73.48000,1,0,0,0,0,1
"Sismógrafo","Magdalena medio","Cavelier, et al.1995",5.574033726,-74.89225446,1,0,0,0,0,1
"Soatá","Altiplano Cundiboyacense","Pérez, 1990",,,0,0,1,0,0,1
"Socotá (?)","Altiplano Cundiboyacense","Cárdenas, 1994",,,0,0,0,0,1,1
"Sopetrán","Macizo Antioqueño","Castillo, 1988",,,2,0,0,0,0,2
"Sueva I","Altiplano Cundiboyacense","Correal, 1979",4.80550,-73.76604,0,1,0,1,0,2
"T-LP-1","Valles alto Calima y alto y medio del Cauca","Bruhns, 1995",,,0,0,0,0,1,1
"Tajumbina","Macizo Andino del sur","Cadavid & Ordoñez,1989; Cadavid, 1993",1.572246371,-76.94252995,2,4,0,0,0,6
"Tañik","Alto Magdalena","Urdaneta, 1991",2.63952,-76.342761,1,0,0,0,0,1
"Tapias I","Altiplano Cundiboyacense","Boada, et al. 1989",,,1,0,0,0,0,1
"Tequendama","Altiplano Cundiboyacense","Correal, 1973",4.320642,-74.163247,0,0,0,0,0,0
"Tequendama I","Altiplano Cundiboyacense","Correal, 1980; Correal & van der Hammen 1977; van der Hammen & Correal 1978; van der Hammen,  Correal & van Klinken 1990",4.536623653,-74.27739769,1,4,0,15,0,20
"Tibito I","Altiplano Cundiboyacense","Correal, 1981; van der Hammen, 1986",4.98648,-73.95596,0,0,0,1,0,1
"Tigrera","Llanuras del Caribe cuencas bajas Sinú y San Jorge","Langebaek, 1987",11.06155849,-74.22112076,2,0,0,0,0,2
"Tigrera","Sierra Nevada","",,,2,0,0,0,0,2
"Tocaima","Magdalena medio","Mendoza, & Quiazua, 1990",4.440,-74.660,2,0,0,0,0,2
"Tocarema 5","Altiplano Cundiboyacense","Peña, 1991",4.73503,-74.45633,1,1,0,0,0,2
"Torre 25","Magdalena medio","López, & Mendoza, 1994",,,0,0,1,0,0,1
"Torre 26","Magdalena medio","López, & Mendoza, 1994",,,1,0,0,0,0,1
"Torre 54","Magdalena medio","López, & Mendoza, 1994",,,1,0,0,0,0,1
"Tres Esquinas","Valles alto Calima y alto y medio del Cauca","Bray, et al. 1981",,,1,0,0,0,0,1
"Ubalá","Altiplano Cundiboyacense","Botiva, 1984",,,0,0,1,0,0,1
"Ubaté","Altiplano Cundiboyacense","Cárdenas 1994; 1996; 1997",,,1,0,0,0,0,1
"Ullumbe","Alto Magdalena","Cubillos, 1991",1.86,-76.26,0,1,0,0,0,1
"UPTC","Altiplano Cundiboyacense","Castillo, 1984",5.510,-73.380,3,0,0,1,0,4
"Valle de Aburrá 22","Macizo Antioqueño","Santos 1994; 1995; 1995; Bermúdez 1995; Santos 1995;  Castillo 1992. Santos et al, 1998",6.270,-75.580,1,0,0,0,0,1
"V. A. 046","Macizo Antioqueño","",,,0,0,0,0,0,0
"V. A. 126","Macizo Antioqueño","Castillo, 1995",6.152,-75.667,1,0,0,0,0,1
"Varsovia","Llanuras del Caribe cuencas bajas Sinú y San Jorge","Bray, et al. 1981",,,3,0,1,0,0,4
"Varsovia","Valles alto Calima y alto y medio del Cauca","",,,3,0,1,0,0,4
"Vélez","Llanuras del Caribe cuencas bajas Sinú y San Jorge","Bray, et al. 1983",,,1,0,0,0,0,1
"Villa Azul","Tierras bajas orientales","Herrera, Cavelier & Mora, 1987",,,1,0,0,0,0,1
"Villa Azul-Elias","Tierras bajas orientales","",,,0,0,0,0,0,0
"Villa Azul-Esteban","Tierras bajas orientales","",,,0,0,0,0,0,0
"Villa Azul-Moreno","Tierras bajas orientales","",,,0,0,0,0,0,0
"Villa Azul-Paqui","Tierras bajas orientales","Herrera, Cavelier & Mora, 1987",,,5,0,0,0,0,5
"Villa de Leiva","Altiplano Cundiboyacense","Van der Hammen, 1986",5.600,-73.540,0,0,0,2,0,2
"Villa Elisa","Valles alto Calima y alto y medio del Cauca","Cano, 1995",5.092,-76.065,1,0,0,0,0,1
"Villa Helena 1","Magdalena medio","López, 1988; López, 1991",6.421502844,-73.93846008,3,0,0,0,0,3
"Villa Helena 1","Magdalena medio","",6.1911,-73.50,3,0,0,0,0,3
"Vistahermosa 14","Altiplano Cundiboyacense","Correal, 1986;1987:17",,,0,2,0,0,0,2
"Yacimiento 016","Macizo Antioqueño","Piazzini 1993 cita a Castillo, 1992.",,,1,0,0,0,0,1
"Yacimiento 021","Macizo Antioqueño","López, 1989 en Piazzini 1994",,,0,0,0,1,0,1
"Yacimiento 144","Macizo Antioqueño","Piazzini 1993 cita a Castillo, 1992.",,,1,0,0,0,0,1
"Yacimiento 200","Macizo Antioqueño","Piazzini 1993 cita a Castillo, 1992.",,,1,0,0,0,0,1
"Yacimiento 209","Macizo Antioqueño","Piazzini 1993 cita aCastillo, 1992",,,1,0,0,0,0,1
"Yocambó","Valles alto Calima y alto y medio del Cauca","Bray, & Moseley 1970",,,1,0,0,0,0,1
"Yolombó","Macizo Antioqueño","Piazzini, 1994, cita a Castillo, 1992",,,2,0,0,0,0,2
"Zipacón","Altiplano Cundiboyacense","Correal, & Pinto, 1983;  Ardila 1985; Langebaek, 1995;  Bray 1995",4.75775,-74.38856,0,1,0,0,0,1
"Zipaquirá V","Altiplano Cundiboyacense","Cardale, 1981",5.019541522,-74.01721052,5,0,0,0,0,5
"Zipaquirá","Altiplano Cundiboyacense","Lleras, 1989",,,1,0,0,0,0,1
"Zipaquirá II","Altiplano Cundiboyacense","Cardale, 1981",,,0,0,1,0,0,1
"Zipaquirá III","Altiplano Cundiboyacense","Cardale,1981",,,3,0,0,0,0,3
"Zipaquirá V","Altiplano Cundiboyacense","",,,5,0,0,0,0,5
"Aguazul CC2","Tierras bajas orientales","Alarcón &  Segura 1998",5.149,72.3434,2,0,0,0,0,2
"Alejandría-Yacimiento 12","Magdalena medio","Serna & Mejía 1994",6.02582385,-74.52241477,1,0,0,0,0,1
"Alto de Chinas","Alto Magdalena","Forero, 1997",1.30,-76.15,0,1,0,0,0,1
"Altomira-Yacimiento 14","Magdalena medio","Serna & Mejía 1994",5.85315172,-74.30918336,0,0,0,0,1,1
"Arrancaplumas","Magdalena medio","Cifuentes 1991; 1993;",5.190,-74.770,1,0,0,0,0,1
"Bugalagrande-PK 241+400","Magdalena medio","Bernal, 1997",4.220,-76.170,1,0,0,0,0,1
"Alto de Quinchana","Alto Magdalena","Duque, 1966; Llanos &  Durán 1983.",1.885785,-76.33446,1,0,0,0,0,1
"La Llanada","Valles alto Calima y alto y medio del Cauca","Salgado, 1986",4.314821384,-76.25003296,3,0,0,0,0,3
"Atuncela II","Valles alto Calima y alto y medio del Cauca","Alarcón,1995, 1996; Bernal,1995",3.73606139,-76.67961962,0,0,1,0,0,1
"Barbosa-Yacimiento 30","Macizo Antioqueño","CISH 1996",,,0,0,0,0,1,1
"Caicedonia-PK 11+810","Valles alto Calima y alto y medio del Cauca","Bernal, 1997",4.340,-75.840,1,0,0,0,0,1
"Cambalache","Valles alto Calima y alto y medio del Cauca","Salgado, 1996",4.48376514,-75.77995638,1,0,0,0,0,1
"Campoalegre-Yacimiento 15","","Múnera; Monsalve; Vergara & Tabares 1996",5.848196235,-75.4067793,1,1,0,1,0,3
"Ca 6 - P2","Llanuras del Caribe cuencas bajas Sinú y San Jorge","Plazas, et al. 1993; Plazas,  Falchetti; van der Hammen &  Botero 1988",8.698739265,-74.956653,1,0,0,0,0,1
"Palmira-Cantarana","Valles alto Calima y alto y medio del Cauca","Patiño, 1996",3.56583111,-76.44696207,4,0,0,0,0,4
"Carate 17","Llanuras del Caribe cuencas bajas Sinú y San Jorge","Plazas, Falchetti; 1981; Plazas; Falchetti; Sáenz & Archila 1993",8.625992915,-75.12544103,1,0,0,0,0,1
"Ciénaga del Tigre I","Magdalena medio","Gómez &  Correcha 1995",7.09185127,-73.82602476,2,0,0,0,0,2
"Cipango-Yacimiento 11","Magdalena medio","Serna & Mejía 1994",6.01101242,-74.49955217,0,0,0,0,1,1
"City Gate","Valles alto Calima y alto y medio del Cauca","Salgado, 1996",5.94515241,-77.18242560,0,1,0,0,0,1
"El Antojo-Yacimiento 4","","Múnera, Monsalve & Botero 1997",6.05519042,-76.73514085,5,0,1,1,0,7
"El Bosque-Yacimiento 22","","Santos; Bermudez; Correa. &  Ospina  1996",6.580,-75.010,0,3,0,0,0,3
"El Carmelo","","Salgado 1996",,,0,0,1,0,0,1
"El Diamante-Yacimiento 32","Macizo Antioqueño","Santos, Bermudez, Correa &  Ospina 1996",6.44491823,-75.34318916,1,0,0,0,0,1
"El Gallo II","Uraba, alto Sinú","Botiva, et al. 1991",8.180,-76.070,2,0,0,0,0,2
"El Indio I-Yacimiento 2","","Múnera; Botero; Muñoz; Cadavid & Ospina 1997",6.39223485,-75.44110322,0,1,0,0,0,1
"El Ingenio-Yacimiento 14","","CISH 1996",6.50090233,-74.76689694,1,0,0,0,0,1
"El Jazmín- Yacimiento 10","","Múnera; Monsalve & Botero 1997",6.05303904,-76.76603397,1,0,0,2,0,3
"El Mango-Yacimiento 9","","Múnera; Monsalve; Vergara & Tabares 1996",4.976,-75.655,2,0,0,0,0,2
"El Oro II","","Salgado, 1996; Stuiver et al. 1993.",4.48376514,-75.77995638,1,0,0,0,0,1
"El Pollo","Valles alto Calima y alto y medio del Cauca","Rodríguez & Montejo 1996",4.81468103,-75.70184643,2,0,0,0,0,2
"El Pomo","","Rodríguez, 1997",,,0,1,0,0,0,1
"El Porvenir-Yacimiento 03","","Santos, 1996",6.53894693,-75.09962913,1,0,0,0,0,1
"El Porvenir-Yacimiento 26","","Santos, 1996",6.530,-75.080,1,0,0,0,0,1
"El Radio-Yacimiento 10","Valles alto Calima y alto y medio del Cauca","Múnera; Monsalve; Vergara &Tabares 1996",4.976,-75.655,1,0,0,0,0,1
"El Roble-Yacimiento 35","","Serna & Mejía 1994",5.850,-74.000,1,0,0,0,0,1
"Garabato-Yacimiento 5","Macizo Antioqueño","Múnera & Botero 1997",6.44407082,-75.73469038,1,0,0,0,0,1
"Guacanas","Alto Magdalena","Llanos 1993.",2.223130319,-75.64279002,2,0,0,0,0,2
"Guayacán-Yacimiento 01","Magdalena medio","CAIN 1996",5.86647931,-73.96723188,1,0,0,0,0,1
"Japón 3","Llanuras del Caribe cuencas bajas Sinú y San Jorge","Plazas, et al. 1981; Plazas; Falchetti & Sáenz 1979",8.686416305,-74.96870817,2,0,0,0,0,2
"La Angostura-Yacimiento 4","Magdalena medio","Castillo 1997",6.180,-74.620,4,0,0,0,0,4
"La Argelia-Yacimiento 30","Magdalena medio","Serna & Mejía 1994",5.82634135,-74.09301570,1,0,0,0,0,1
"La Cabaña 1","Valles alto Calima y alto y medio del Cauca","Alarcón 1995; 1996; Berbal 1995; Rojas 1995",3.70709950,-76.62931569,0,0,0,1,0,1
"La Champiñorera I-Yacimiento 6","","Múnera; Monsalve & Botero 1997",6.05601204,-76.74760548,1,0,0,0,0,1
"La Floresta-Yacimiento 08","","CISH 1996",4.38991724,-73.04473042,1,0,0,0,0,1
"La Herradura-Yacimiento 27","Macizo Antioqueño","Santos 1996",6.53593357,-74.97243113,0,0,1,1,0,2
"La laguna-Yacimiento 23","Macizo Antioqueño","Santos 1996",6.54139946,-74.99983251,1,0,0,0,0,1
"San Roque","","Santos et al 1998; CISH 1996",6.51010832,-74.84167022,1,0,0,0,0,1
"La Mejora-Yacimiento 17","","Serna & Mejía 1994",8.180,-76.070,1,0,0,0,0,1
"La Morela-Yacimiento 06","Magdalena medio","Santos;Bermudez; Correa & Ospina  1996",6.48886649,-74.41902299,2,1,0,0,0,3
"La Palma-Yacimiento 1","Macizo Antioqueño","Múnera; Botero; Muñoz; Cadavid &  Ospina 1997",6.39223485,-75.44110322,1,0,0,0,0,1
"La Quinta","Magdalena medio","Pulido 1996",4.12816589,-75.08953775,1,0,1,0,0,2
"La Tebaida-PK 39+565","Valles alto Calima y alto y medio del Cauca","Bernal 1997",4.460,-75.790,1,0,0,0,0,1
"Las Delicias-Yacimiento 27","Magdalena medio","Serna &. Mejía 1994",5.850,-74.000,1,0,0,0,0,1
"Las Flores-Yacimiento 07","Magdalena medio","Santos; Bermudez; Correa & Ospina 1996",6.48974059,-74.46151237,0,0,1,0,0,1
"Los Achiles","Magdalena medio","Cavelier, et al 1995; Morcote & Cavelier 1999, Méndez & Escobar 2000.",5.68896428,-74.74366173,1,0,0,0,0,1
"Los Arrayanes-PK 91+150","","Rodríguez, 1997",,,0,0,0,1,0,1
"Los Planes-Yacimiento 23","Macizo Antioqueño","Santos; Bermudez; Correa & Ospina 1996",6.450,-75.170,0,0,1,0,0,1
"Majagual-Yacimiento 39","","Santos, 1996",6.50322176,-74.85151324,1,0,1,0,1,3
"Mamorón","Sierra Nevada","Oyuela 1987",,,1,0,0,0,0,1
"Matecaña","Magdalena medio","Cavelier, et al.1995",5.596795631,-74.84237919,1,0,0,0,0,1
"Meremberg","","Piñeros 1989",2.21081,-76.12034,0,0,0,2,0,2
"Molino Viejo-Yacimiento 30","Macizo Antioqueño","Santos; Bermudez; Correa & Ospina 1996",6.48985082,-75.26737877,0,0,1,0,0,1
"Moniquirá-Yacimiento 62","Altiplano Cundiboyacense","CAIN 1996",5.63330577,-73.54594740,0,0,1,0,0,1
"Montelíbano-Yacimiento 13","Llanuras del Caribe cuencas bajas Sinú y San Jorge","Nieto &. Espinosa 1995",8.08992408,-75.84769487,1,0,0,0,0,1
"Montelíbano-Yacimiento 12","Llanuras del Caribe cuencas bajas Sinú y San Jorge","Nieto &. Espinosa 1995",8.01831849,-75.67506473,1,0,0,0,0,1
"Montenegro-Finca Chapinero","","Salgado, 1997",4.550,-75.790,1,0,0,0,0,1
"Obando-PK 188+700","Valles alto Calima y alto y medio del Cauca","Bernal, 1997",4.570,-75.980,1,0,0,0,0,1
"Palmira-PK1+500","Valles alto Calima y alto y medio del Cauca","Rodríguez, 1997",3.51120435,-76.31489524,1,2,0,0,0,3
"Palmira-PK321+500","Valles alto Calima y alto y medio del Cauca","Rodríguez, 1997; Bernal 1997.",3.530,-76.300,1,0,0,0,0,1
"Palmira-Pk321+400","Valles alto Calima y alto y medio del Cauca","Rodríguez, 1997",3.66409910,-76.41143188,2,0,0,0,0,2
"Pipintá","Magdalena medio","Gómez & Correcha, 1995",5.30719788,-74.74955404,2,0,0,0,0,2
"Potrero Chico-PK 185","Valles alto Calima y alto y medio del Cauca","Rodríguez 1996",4.68159116,-75.94458343,0,0,1,0,0,1
"Potrero Chico-PK 185+600","Valles alto Calima y alto y medio del Cauca","Rodríguez 1996",4.67381923,-75.94675855,1,0,0,0,0,1
"Potreroalto","Altiplano Cundiboyacense","Orrantia 1997: 1996-1997;",4.612809874,-74.28007692,0,1,0,1,0,2
"Puerto Chapetón","Magdalena medio","Cifuentes 1994",4.0307613,-74.866751,0,0,1,0,0,1
"Puerto Gaira","Sierra Nevada","Oyuela, 1987",,,1,0,0,0,0,1
"Perico","Magdalena medio","Cifuentes, 1993",5.2611,-74.79111,1,0,0,0,0,1
"Rodapasos","Alto Magdalena","Sánchez, 1991",1.978016,-75.91753,1,0,0,0,0,1
"Romelia 100","Valles alto Calima y alto y medio del Cauca","Rodríguez  &. Montejo 1996",4.84174632,-75.67475543,1,0,0,0,0,1
"San Isidro-Guaitarilla","Macizo Andino del sur","Cardale & Falchetti 1980",,,1,0,0,0,0,1
"San Nicolás","Alto Magdalena","Espejo & Rangel 1989; Piñeros 1989.",2.323312735,-76.28374184,0,1,0,2,0,3
"San Pedro-PK276+700","Valles alto Calima y alto y medio del Cauca","Rodríguez, 1996",4.01163690,-76.24945044,2,0,0,0,0,2
"San Pedro-PK276+750","Valles alto Calima y alto y medio del Cauca","Bernal 1997",3.990,-76.250,1,0,0,0,0,1
"San Pedro-PK278+200","Valles alto Calima y alto y medio del Cauca","Bernal 1997",3.990,-76.250,1,0,0,0,0,1
"San Ramón 1","Peninsula de la Guajira y corredor del Cesar","Ardila, 1986",,,1,0,0,0,0,1
"San Vicente-Yacimiento 2","Macizo Antioqueño","Múnera  & Botero 1997",6.42951271,-75.73328283,1,0,0,0,0,1
"Santa Cecilia-Yacimiento 8","Magdalena medio","Serna & Mejía 1994",5.95824213,-74.44740284,0,0,0,0,1,1
"Santa Rosa-PK 1+750","Valles alto Calima y alto y medio del Cauca","Bernal, 1997",4.891,-75.660,0,0,1,0,0,1
"Santa Rosa-PK 2+560","Valles alto Calima y alto y medio del Cauca","Bernal, 1997",4.891,-75.660,1,0,0,0,0,1
"Santa Rosa-PK 2+706","Valles alto Calima y alto y medio del Cauca","Bernal, 1997",4.891,-75.660,1,0,0,0,0,1
"Támesis-Yacimiento 19","Macizo Antioqueño","Martínez, 1997",5.68793304,-75.68729166,1,0,0,0,0,1
"Tierralta-Yacimiento 10","Llanuras del Caribe cuencas bajas Sinú y San Jorge","Nieto & Espinosa 1995",8.180,-76.070,1,0,0,0,0,1
"Torre 209","","López; Nieto & Correcha 1994;  López, 1994",,,1,0,0,0,0,1
"Torre 75","Magdalena medio","López; Nieto & Correcha 1994",4.520,-74.81000,1,0,0,0,0,1
"Turbo-Yacimiento 06","Uraba, alto Sinú","Nieto & Espinosa 1995",8.110,-76.710,1,0,0,0,0,1
"Valle de Aburrá 98","Macizo Antioqueño","Piazzini 1993, Castillo, 1992; Castillo, 1995",6.168474409,-75.64408626,1,0,0,0,0,1
"El Ranchito","Macizo Antioqueño","Piazzini 1993; Castillo, 1992",6.180,-75.640,1,0,0,0,0,1
"La Guayabala","Macizo Antioqueño","Piazzini 1993; Castillo, 1992; Bermudez,1995",6.270,-75.580,1,0,0,0,0,1
"Villa Lucero-Yacimiento 12","Macizo Antioqueño","Santos, 1996",6.53698880,-75.08425749,3,0,0,0,0,3
"Yolombó-Yacimiento 16A","Macizo Antioqueño","CISH 1996",6.56243710,-74.96542651,1,0,0,0,0,1
"Soacha","Altiplano Cundiboyacense","Botiva 1988; Rodríguez 1987; 1988; Polanco, Herazo & Rodríguez 1990; Reichel-Dolmatoff, 1943",,,0,0,0,0,0,0
"Lucerna","Valles alto Calima y alto y medio del Cauca","Salgado, 1997",,,1,0,1,0,0,2
"Buenavista (Boyacá?)","","Botiva, 1989",,,0,0,0,0,0,0
"Miguel Guiza","","Lleras 1988",,,0,0,0,0,0,0
"Sabana Alta","","Lleras 1988",,,0,0,0,0,0,0
"Retiro","","Lleras 1988",,,0,0,0,0,0,0
"Los Litigios","","Lleras 1988",,,0,0,0,0,0,0
"Cueva del Indio","","Lleras 1988",,,0,0,0,0,0,0
"Cueva de las Flores","","Lleras 1988",,,0,0,0,0,0,0
"Buenavista (Santander)","Montaña Santandereana","Lleras 1988",,,0,0,0,0,0,0
"La Aldea","Magdalena medio","Rodríguez 1991",,,1,0,0,0,0,1
"Galindo I","Altiplano Cundiboyacense","Pinto 2003:47",,,0,0,0,2,0,2
"Catanga","Tierras bajas orientales","Mora, 1988; Vargas, 2017",5.151509,-72.256703,5,0,1,0,0,6
"La llorona","Tierras bajas orientales","Vargas, 2017",4.536623653,-74.27739769,0,0,0,0,0,0
"El Pensil","Tierras bajas orientales","Vargas, 2017",5.10043,-72.16201,0,0,0,0,0,0
"El Arenal","Tierras bajas orientales","Vargas, 2017",5.161974,-72.255240,0,0,0,0,0,0
"Corinto","Tierras bajas orientales","Vargas, 2017",5.167859,-72.272240,0,0,0,0,0,0
"Telodiran","Tierras bajas orientales","Vargas, 2017",5.132852,-72.198258,0,0,0,0,0,0
